prey_mse,prey_mae,prey_r2,predator_mse,predator_mae,predator_r2
0.030610369997912577,0.13355000162124636,0.8322181884761166,0.2132497922453222,0.2509300034451485,0.4326394971835924
